Parameter,Value
MSE,0.3068017366136035
MAE,0.15340086830680175
R-SQUARED,0.6903302179697552
RMSE,0.5538968645999032
ACCURACY,0.9232995658465991
