Parameter,Value
MSE,0.12590448625180897
MAE,0.06295224312590449
R-SQUARED,0.8729185328460788
RMSE,0.3548302217283767
ACCURACY,0.9685238784370478
