Parameter,Value
MSE,0.13024602026049203
MAE,0.06512301013024602
R-SQUARED,0.868536413289047
RMSE,0.3608961350035382
ACCURACY,0.967438494934877
